Age,DailyRate,DistanceFromHome,Education,EnvironmentSatisfaction,HourlyRate,JobInvolvement,JobLevel,JobSatisfaction,MonthlyIncome,MonthlyRate,NumCompaniesWorked,PercentSalaryHike,PerformanceRating,RelationshipSatisfaction,StandardHours,StockOptionLevel,TotalWorkingYears,TrainingTimesLastYear,WorkLifeBalance,YearsAtCompany,YearsInCurrentRole,YearsSinceLastPromotion,YearsWithCurrManager,Travel_Frequently,Travel_Rarely,Research & Development,Sales,Life Sciences,Marketing,Medical,Other,Technical Degree,Male,Human Resources,Laboratory Technician,Manager,Manufacturing Director,Research Director,Research Scientist,Sales Executive,Sales Representative,Married,Single,Attrition predicted values,Actual values
41,1085,2,4,2,57,1,1,4,2778,17725,4,13,3,3,80,1,10,1,2,7,7,1,0,0,1,1,0,1,0,0,0,0,0,0,1,0,0,0,0,0,0,0,0,1,1
48,365,4,5,3,89,2,4,4,15202,5602,2,25,4,2,80,1,23,3,3,2,2,2,2,1,0,1,0,0,0,1,0,0,1,0,0,1,0,0,0,0,0,1,0,1,0
42,469,2,2,4,35,3,4,1,17665,14399,0,17,3,4,80,1,23,3,3,22,6,13,7,0,1,1,0,0,0,1,0,0,1,0,0,1,0,0,0,0,0,1,0,1,0
32,1146,15,4,3,34,3,2,4,6667,16542,5,18,3,2,80,1,9,6,3,5,1,1,2,0,0,1,0,0,0,1,0,0,0,0,0,0,0,0,0,0,0,0,0,0,0
35,1343,27,1,3,53,2,1,1,2559,17852,1,11,3,4,80,0,6,3,2,6,5,1,1,0,1,1,0,0,0,1,0,0,0,0,0,0,0,0,1,0,0,0,1,1,0
38,1009,2,2,2,31,3,2,1,6893,19461,3,15,3,4,80,1,11,3,3,7,7,1,7,0,1,0,1,1,0,0,0,0,0,0,0,0,0,0,0,1,0,0,0,0,0
47,202,2,2,3,33,3,4,4,16752,12982,1,11,3,3,80,1,26,3,2,26,14,3,0,0,1,1,0,0,0,0,1,0,0,0,0,1,0,0,0,0,0,1,0,1,1
45,192,10,2,1,69,3,1,4,2654,9655,3,21,4,4,80,2,8,3,2,2,2,0,2,0,1,1,0,1,0,0,0,0,1,0,0,0,0,0,1,0,0,1,0,1,0
37,1231,21,2,3,54,3,1,4,2973,21222,5,15,3,2,80,1,10,3,3,5,4,0,0,1,0,0,1,0,0,1,0,0,0,0,0,0,0,0,0,0,1,1,0,1,0
34,479,7,4,1,35,3,1,4,2972,22061,1,13,3,3,80,0,1,4,1,1,0,0,0,0,1,1,0,0,0,1,0,0,1,0,0,0,0,0,1,0,0,0,1,0,0
55,135,18,4,3,62,3,2,2,6385,12992,3,14,3,4,80,2,17,3,3,8,7,6,7,1,0,1,0,0,0,1,0,0,1,0,0,0,0,0,0,0,0,1,0,1,1
47,719,27,2,2,77,4,2,3,6397,10339,4,12,3,4,80,0,8,2,3,5,4,1,3,1,0,0,1,1,0,0,0,0,0,0,0,0,0,0,0,1,0,0,1,1,1
30,1082,12,3,2,83,3,2,3,6577,19558,0,11,3,2,80,0,6,6,3,5,4,4,4,0,1,0,1,0,0,0,0,1,0,0,0,0,0,0,0,1,0,0,1,0,0
39,1383,2,3,4,42,2,2,4,5204,7790,8,11,3,3,80,2,13,2,3,5,4,0,4,0,1,0,0,1,0,0,0,0,0,1,0,0,0,0,0,0,0,1,0,1,0
42,1059,9,2,4,93,2,5,4,19613,26362,8,22,4,4,80,0,24,2,3,1,0,0,1,0,1,1,0,0,0,0,1,0,1,0,0,1,0,0,0,0,0,0,1,1,0
55,1091,2,1,4,65,3,3,2,10976,15813,3,18,3,2,80,1,23,4,3,3,2,1,2,1,0,1,0,1,0,0,0,0,1,0,0,0,1,0,0,0,0,1,0,1,0
34,702,16,4,3,100,2,1,4,2553,8306,1,16,3,3,80,0,6,3,3,5,2,1,3,1,0,1,0,1,0,0,0,0,0,0,0,0,0,0,1,0,0,0,1,1,0
45,252,2,3,2,95,2,1,3,2274,6153,1,14,3,4,80,0,1,3,3,1,0,0,0,0,1,1,0,1,0,0,0,0,0,0,0,0,0,0,1,0,0,0,1,1,0
38,653,29,5,4,50,3,2,4,2406,5456,1,11,3,4,80,0,10,2,3,10,3,9,9,1,0,1,0,1,0,0,0,0,0,0,1,0,0,0,0,0,0,0,1,1,0
45,1195,2,2,1,65,2,4,4,16792,20462,9,23,4,4,80,1,22,1,3,20,8,11,8,0,0,1,0,0,0,1,0,0,1,0,0,1,0,0,0,0,0,1,0,0,0
26,920,20,2,4,69,3,1,2,2148,6889,0,11,3,3,80,0,6,3,3,5,1,1,4,0,1,0,0,0,0,1,0,0,0,1,0,0,0,0,0,0,0,1,0,1,1
50,316,8,4,4,54,3,1,2,3875,9983,7,15,3,4,80,1,4,2,3,2,2,2,2,0,1,0,1,0,1,0,0,0,1,0,0,0,0,0,0,0,1,1,0,1,0
51,770,5,3,3,84,3,4,2,14026,17588,1,11,3,2,80,1,33,2,3,33,9,0,10,0,1,0,0,1,0,0,0,0,1,0,0,1,0,0,0,0,0,0,0,1,1
57,210,29,3,1,56,2,4,4,14118,22102,3,12,3,3,80,1,32,3,2,1,0,0,0,0,1,0,1,0,1,0,0,0,1,0,0,1,0,0,0,0,0,0,0,1,0
55,282,2,2,4,58,1,5,3,19187,6992,4,14,3,4,80,1,23,5,3,19,9,9,11,0,1,1,0,0,0,1,0,0,0,0,0,1,0,0,0,0,0,1,0,0,0
48,626,1,2,1,98,2,3,3,5381,19294,9,13,3,4,80,0,23,2,3,1,0,0,0,0,1,1,0,1,0,0,0,0,1,0,1,0,0,0,0,0,0,0,1,1,1
31,192,2,4,3,32,3,1,4,2695,7747,0,18,3,2,80,1,3,2,1,2,2,2,2,0,1,1,0,1,0,0,0,0,1,0,0,0,0,0,1,0,0,0,0,1,1
23,638,9,3,4,33,3,1,1,1790,26956,1,19,3,1,80,1,1,3,2,1,0,1,0,1,0,0,1,0,1,0,0,0,1,0,0,0,0,0,0,0,1,1,0,1,0
32,964,1,2,1,34,1,2,2,6735,12147,6,15,3,2,80,0,10,2,3,0,0,0,0,0,1,0,1,1,0,0,0,0,1,0,0,0,0,0,0,1,0,0,1,0,0
59,1225,1,1,1,57,2,2,3,5473,24668,7,11,3,4,80,0,20,2,2,4,3,1,3,1,0,0,1,1,0,0,0,0,0,0,0,0,0,0,0,1,0,0,1,1,0
21,756,1,1,1,99,2,1,2,2174,9150,1,11,3,3,80,0,3,3,3,3,2,1,2,1,0,0,1,0,0,0,0,1,0,0,0,0,0,0,0,0,1,0,1,0,1
42,1128,13,3,2,95,4,2,1,5538,5696,5,18,3,3,80,2,10,2,2,0,0,0,0,0,1,1,0,0,0,1,0,0,1,0,0,0,0,0,0,0,0,1,0,1,0
58,848,23,4,1,88,3,1,3,2372,26076,1,12,3,4,80,2,2,3,3,2,2,2,2,0,1,1,0,1,0,0,0,0,1,0,0,0,0,0,1,0,0,0,0,1,0
43,1344,7,3,4,37,4,1,4,2089,5228,4,14,3,4,80,3,7,3,4,5,4,2,2,0,0,1,0,0,0,1,0,0,1,0,0,0,0,0,1,0,0,0,0,1,0
37,783,7,4,4,78,3,2,1,4284,13588,5,22,4,3,80,1,16,2,3,5,3,0,4,0,1,1,0,0,0,1,0,0,1,0,0,0,0,0,1,0,0,1,0,1,1
42,926,21,2,3,36,3,2,3,5265,16439,2,16,3,2,80,1,11,5,3,5,3,0,2,0,0,1,0,0,0,1,0,0,0,0,0,0,1,0,0,0,0,0,0,1,0
52,723,8,4,3,85,2,2,2,4941,17747,2,15,3,1,80,0,11,3,2,8,2,7,7,0,1,1,0,0,0,1,0,0,1,0,0,0,0,0,1,0,0,1,0,1,0
23,310,10,1,1,79,4,1,3,3505,19630,1,18,3,4,80,0,2,3,3,2,2,0,2,0,1,1,0,0,0,1,0,0,1,0,0,0,0,0,1,0,0,0,1,0,0
40,1202,2,1,2,89,4,2,3,6377,13888,5,20,4,2,80,3,15,0,3,12,11,11,8,0,1,1,0,0,0,1,0,0,0,0,0,0,0,0,0,0,0,0,0,1,0
37,1470,10,3,2,71,3,1,2,3936,9953,1,11,3,1,80,1,8,2,1,8,4,7,7,0,1,1,0,0,0,1,0,0,0,0,0,0,0,0,1,0,0,1,0,1,0
32,1033,9,3,1,41,3,1,1,4200,10224,7,22,4,1,80,0,10,2,4,5,4,0,4,0,1,1,0,0,0,1,0,0,0,0,1,0,0,0,0,0,0,0,1,0,0
44,489,23,3,2,67,3,2,2,2042,25043,4,12,3,3,80,1,17,3,4,3,2,1,2,0,0,1,0,0,0,1,0,0,1,0,1,0,0,0,0,0,0,1,0,1,0
38,1084,29,3,4,54,3,2,4,6261,4185,3,18,3,1,80,1,9,3,1,7,7,1,7,0,1,1,0,0,0,0,0,1,1,0,0,0,1,0,0,0,0,1,0,0,0
28,1404,17,3,3,32,2,1,4,2367,18779,5,12,3,1,80,1,6,2,2,4,1,0,3,0,1,1,0,0,0,0,0,1,1,0,1,0,0,0,0,0,0,0,0,1,0
27,1157,17,3,3,51,3,1,2,3058,13364,0,16,3,4,80,1,6,3,2,5,2,1,1,0,1,1,0,0,0,0,0,1,1,0,0,0,0,0,1,0,0,1,0,1,1
36,429,2,4,3,53,3,2,2,5410,2323,9,11,3,4,80,0,18,2,3,16,14,5,12,0,1,1,0,1,0,0,0,0,0,0,0,0,1,0,0,0,0,0,1,0,1
40,1171,10,4,4,46,4,1,3,2213,22495,3,13,3,3,80,1,10,3,3,7,7,1,7,0,1,1,0,1,0,0,0,0,0,0,1,0,0,0,0,0,0,1,0,0,1
45,1385,20,2,3,79,3,4,4,13496,7501,0,14,3,2,80,0,21,2,3,20,7,4,10,0,1,1,0,0,0,1,0,0,1,0,0,0,0,0,0,0,0,1,0,1,1
27,591,2,1,1,40,3,1,2,3468,16632,9,12,3,4,80,1,6,3,3,2,2,2,2,0,1,1,0,0,0,1,0,0,1,0,1,0,0,0,0,0,0,1,0,0,0
46,261,21,2,4,66,3,2,2,8926,10842,4,22,4,4,80,1,13,2,4,9,7,3,7,0,1,1,0,0,0,1,0,0,0,0,0,0,0,0,0,0,0,1,0,1,0
38,573,6,3,2,79,1,2,4,5329,15717,7,12,3,4,80,3,17,3,3,13,11,1,9,0,0,1,0,0,0,1,0,0,0,0,0,0,0,0,1,0,0,0,0,0,1
37,1413,5,2,3,84,4,1,3,3500,25470,0,14,3,1,80,0,7,2,1,6,5,1,3,0,0,1,0,0,0,0,0,1,1,0,1,0,0,0,0,0,0,0,1,1,0
47,1093,9,3,3,82,1,4,3,12936,24164,7,11,3,3,80,0,25,3,1,23,5,14,10,1,0,0,1,1,0,0,0,0,1,0,0,0,0,0,0,1,0,1,0,1,0
29,1404,20,3,3,84,3,1,4,2157,18203,1,15,3,2,80,1,3,5,3,3,1,0,2,1,0,0,1,0,0,0,0,1,0,0,0,0,0,0,0,0,1,1,0,1,0
34,1480,4,3,3,64,3,3,4,9713,24444,2,13,3,4,80,3,9,3,3,5,3,1,0,0,1,0,1,1,0,0,0,0,1,0,0,0,0,0,0,1,0,1,0,1,1
33,530,16,3,3,36,3,2,4,5368,16130,1,25,4,3,80,1,7,2,3,6,5,1,2,0,0,0,1,1,0,0,0,0,0,0,0,0,0,0,0,1,0,0,0,1,1
36,318,9,3,4,79,2,1,3,3388,21777,0,17,3,1,80,1,2,0,2,1,0,0,0,0,1,1,0,0,0,1,0,0,1,0,0,0,0,0,1,0,0,1,0,1,1
58,1145,9,3,2,75,2,1,2,3346,11873,4,20,4,2,80,1,9,3,2,1,0,0,0,0,1,1,0,0,0,1,0,0,0,0,0,0,0,0,1,0,0,1,0,1,1
26,390,17,4,4,62,1,1,3,2305,6217,1,15,3,3,80,3,3,3,4,3,2,0,2,0,1,1,0,0,0,1,0,0,1,0,1,0,0,0,0,0,0,1,0,1,0
45,176,4,3,3,56,1,3,3,9756,6595,4,21,4,3,80,2,9,2,4,5,0,0,3,0,1,0,0,1,0,0,0,0,0,1,0,0,0,0,0,0,0,1,0,1,0
43,775,15,3,4,47,2,2,4,6804,23683,3,18,3,3,80,1,7,5,3,2,2,2,2,1,0,0,1,1,0,0,0,0,1,0,0,0,0,0,0,1,0,1,0,1,0
56,718,4,4,4,92,3,5,1,19943,18575,4,13,3,4,80,1,28,2,3,5,2,4,2,0,1,1,0,0,0,0,0,1,0,0,0,1,0,0,0,0,0,0,0,1,0
56,1400,7,3,4,49,1,3,4,7260,21698,4,11,3,1,80,0,37,3,2,6,4,0,2,0,1,1,0,1,0,0,0,0,1,0,0,0,1,0,0,0,0,0,1,1,0
33,1313,1,2,2,59,2,1,3,2008,20439,1,12,3,3,80,3,1,2,2,1,1,0,0,0,0,1,0,0,0,1,0,0,1,0,1,0,0,0,0,0,0,0,0,1,0
32,977,2,3,4,45,3,2,2,5470,25518,0,13,3,3,80,2,10,4,2,9,5,1,6,0,1,1,0,0,0,1,0,0,1,0,0,0,0,0,1,0,0,0,0,0,0
27,1130,8,4,2,56,3,2,2,6214,3415,1,18,3,1,80,1,8,3,3,8,7,0,7,0,1,0,1,0,1,0,0,0,0,0,0,0,0,0,0,1,0,1,0,0,0
46,566,7,2,4,75,3,3,3,10845,24208,6,13,3,2,80,1,13,3,3,8,7,0,7,0,1,1,0,0,0,1,0,0,1,0,0,0,1,0,0,0,0,0,0,0,0
29,1246,19,3,3,77,2,2,3,8620,23757,1,14,3,3,80,2,10,3,3,10,7,0,4,0,1,0,1,1,0,0,0,0,1,0,0,0,0,0,0,1,0,0,0,0,0
34,665,6,4,1,41,3,2,3,4809,12482,1,14,3,3,80,0,16,3,3,16,13,2,10,0,1,1,0,0,0,0,1,0,0,0,0,0,0,0,1,0,0,0,1,0,0
47,1169,14,4,3,64,3,2,2,5467,2125,8,18,3,3,80,1,16,4,4,8,7,1,7,0,0,1,0,0,0,0,0,1,1,0,0,0,0,0,1,0,0,1,0,0,0
31,330,22,4,4,98,3,2,3,6179,21057,1,15,3,4,80,2,10,3,2,10,2,6,7,0,1,1,0,0,0,1,0,0,1,0,0,0,1,0,0,0,0,1,0,1,1
36,1157,2,4,3,70,3,1,4,2644,17001,3,21,4,4,80,0,7,3,2,3,2,1,2,0,1,0,1,1,0,0,0,0,1,0,0,0,0,0,0,0,1,0,1,1,1
33,147,4,4,3,47,2,1,2,2622,13248,6,21,4,4,80,0,7,3,3,3,2,1,1,0,1,1,0,0,0,1,0,0,0,0,0,0,0,0,1,0,0,1,0,0,0
37,671,19,3,3,85,3,2,3,5768,26493,3,17,3,1,80,3,9,2,2,4,3,0,2,0,1,1,0,1,0,0,0,0,1,0,0,0,1,0,0,0,0,1,0,1,0
40,593,9,4,2,88,3,3,3,13499,13782,9,17,3,3,80,0,20,3,2,18,7,2,13,1,0,1,0,0,0,1,0,0,0,0,0,0,0,1,0,0,0,0,1,0,0
34,546,10,3,2,83,3,1,2,2008,6896,1,14,3,2,80,2,1,3,3,1,0,1,0,0,1,1,0,1,0,0,0,0,1,0,1,0,0,0,0,0,0,0,0,0,0
58,1216,15,4,1,87,3,4,3,15787,21624,2,14,3,2,80,0,23,3,3,2,2,2,2,1,0,1,0,1,0,0,0,0,1,0,0,0,0,1,0,0,0,1,0,1,1
27,1167,4,2,1,76,3,1,3,2517,3208,1,11,3,2,80,3,5,2,3,5,3,0,3,0,1,1,0,1,0,0,0,0,1,0,0,0,0,0,1,0,0,0,0,0,0
34,1069,2,1,4,45,2,2,3,9547,14074,1,17,3,3,80,0,10,2,2,10,9,1,9,1,0,1,0,1,0,0,0,0,1,0,0,0,1,0,0,0,0,1,0,0,0
44,981,5,3,3,90,2,1,3,3162,7973,3,14,3,4,80,0,7,5,3,5,2,0,3,0,0,1,0,1,0,0,0,0,1,0,1,0,0,0,0,0,0,0,1,0,0
34,182,1,4,2,72,4,1,4,3280,13551,2,16,3,3,80,0,10,2,3,4,2,1,3,0,1,1,0,1,0,0,0,0,0,0,0,0,0,0,1,0,0,0,1,1,0
32,116,13,3,3,77,2,1,2,2743,7331,1,20,4,3,80,1,2,2,3,2,2,2,2,1,0,1,0,0,0,0,1,0,0,0,1,0,0,0,0,0,0,1,0,1,0
56,832,9,3,3,81,3,4,4,11103,20420,7,11,3,3,80,0,30,1,2,10,7,1,1,0,1,1,0,0,0,1,0,0,1,0,0,0,0,0,0,0,0,1,0,1,0
55,444,2,1,3,40,2,4,1,16756,17323,7,15,3,2,80,0,31,3,4,9,7,6,2,0,0,1,0,0,0,1,0,0,1,0,0,1,0,0,0,0,0,0,1,0,0
56,310,7,2,4,72,3,1,3,2339,3666,8,11,3,4,80,1,14,4,1,10,9,9,8,0,1,1,0,0,0,0,0,1,1,0,1,0,0,0,0,0,0,1,0,0,0
31,1463,23,3,2,64,2,2,4,5582,14408,0,21,4,2,80,1,10,2,3,9,0,7,8,0,1,1,0,0,0,1,0,0,1,0,0,0,0,0,0,0,0,1,0,1,0
29,896,18,1,3,86,2,1,4,2389,14961,1,13,3,3,80,0,4,3,2,4,3,0,1,0,1,1,0,0,0,1,0,0,1,0,0,0,0,0,1,0,0,0,1,1,1
35,622,14,4,3,39,2,1,2,3743,10074,1,24,4,4,80,1,5,2,1,4,2,0,2,0,1,1,0,0,0,0,1,0,1,0,1,0,0,0,0,0,0,0,0,1,1
35,737,10,3,4,55,2,3,1,10306,21530,9,17,3,3,80,0,15,3,3,13,12,6,0,0,1,0,1,0,0,1,0,0,1,0,0,0,0,0,0,1,0,1,0,0,0
27,798,6,4,1,66,2,1,3,2187,5013,0,12,3,3,80,2,6,5,2,5,3,0,3,0,1,1,0,0,0,1,0,0,0,0,0,0,0,0,1,0,0,0,0,0,0
50,1099,29,4,2,88,2,4,3,17046,9314,0,15,3,2,80,1,28,2,3,27,10,15,7,0,1,1,0,1,0,0,0,0,1,0,0,1,0,0,0,0,0,1,0,1,0
32,499,2,1,3,36,3,2,2,4078,20497,0,13,3,1,80,3,4,3,2,3,2,1,2,0,1,0,1,0,1,0,0,0,1,0,0,0,0,0,0,1,0,1,0,1,1
31,1398,8,2,4,96,4,1,2,2109,24609,9,18,3,4,80,0,8,3,3,3,2,0,2,0,1,0,0,0,0,1,0,0,0,1,0,0,0,0,0,0,0,0,1,0,0
45,248,23,2,4,42,3,2,1,3633,14039,1,15,3,3,80,1,9,2,3,9,8,0,8,0,0,1,0,1,0,0,0,0,1,0,1,0,0,0,0,0,0,1,0,1,1
39,1253,10,1,3,65,3,3,3,13464,7914,7,21,4,3,80,0,9,3,3,4,3,2,2,0,1,1,0,0,0,1,0,0,1,0,0,0,0,1,0,0,0,0,1,0,0
28,736,26,3,3,48,2,2,1,4724,24232,1,11,3,3,80,1,5,0,3,5,3,0,4,0,1,0,1,1,0,0,0,0,1,0,0,0,0,0,0,1,0,1,0,1,0
52,1325,11,4,4,82,3,2,3,3149,21821,8,20,4,2,80,1,9,3,3,5,2,1,4,0,1,1,0,1,0,0,0,0,0,0,1,0,0,0,0,0,0,1,0,1,0
27,1469,1,2,4,82,3,1,2,3816,17881,1,11,3,2,80,1,5,2,3,5,2,0,4,0,1,1,0,0,0,1,0,0,1,0,1,0,0,0,0,0,0,0,0,1,0
28,1485,12,1,3,79,3,1,4,2515,22955,1,11,3,4,80,0,1,4,2,1,1,0,0,0,1,1,0,1,0,0,0,0,0,0,1,0,0,0,0,0,0,1,0,1,1
36,1403,6,3,4,47,3,1,4,3210,20251,0,11,3,3,80,1,16,4,3,15,13,10,11,0,1,1,0,1,0,0,0,0,1,0,1,0,0,0,0,0,0,1,0,0,0
18,544,3,2,2,70,3,1,4,1569,18420,1,12,3,3,80,0,0,2,4,0,0,0,0,1,0,0,1,0,0,1,0,0,0,0,0,0,0,0,0,0,1,0,1,1,1
22,604,6,1,1,69,3,1,3,2773,12145,0,20,4,4,80,0,3,3,3,2,2,2,2,0,1,1,0,0,0,1,0,0,1,0,0,0,0,0,1,0,0,1,0,0,0
19,504,10,3,1,96,2,1,2,1859,6148,1,25,4,2,80,0,1,2,4,1,1,0,0,0,0,1,0,0,0,1,0,0,0,0,0,0,0,0,1,0,0,0,1,0,1
29,1010,1,3,1,97,3,1,4,3760,5598,1,15,3,1,80,3,3,5,3,3,2,1,2,0,1,1,0,1,0,0,0,0,0,0,0,0,0,0,1,0,0,0,0,0,0
36,885,16,4,3,43,4,1,1,2743,8269,1,16,3,3,80,0,18,1,3,17,13,15,14,0,1,1,0,1,0,0,0,0,0,0,1,0,0,0,0,0,0,0,1,0,0
34,648,11,3,3,56,2,2,2,4490,21833,4,11,3,4,80,2,14,5,4,10,9,1,8,1,0,0,0,1,0,0,0,0,1,1,0,0,0,0,0,0,0,1,0,0,0
35,1258,1,4,4,40,4,1,3,2506,13301,3,13,3,3,80,0,7,0,3,2,2,2,2,0,1,1,0,1,0,0,0,0,0,0,0,0,0,0,1,0,0,0,1,1,0
27,1220,5,3,3,85,3,1,2,2478,20938,1,12,3,2,80,0,4,2,2,4,3,1,2,0,1,1,0,1,0,0,0,0,0,0,0,0,0,0,1,0,0,0,1,1,1
49,464,16,3,4,74,3,1,1,2587,24941,4,16,3,2,80,1,17,2,2,2,2,2,2,0,1,1,0,0,0,1,0,0,0,0,1,0,0,0,0,0,0,0,0,1,1
20,959,1,3,4,83,2,1,2,2836,11757,1,13,3,4,80,0,1,0,4,1,0,0,0,0,1,1,0,1,0,0,0,0,0,0,0,0,0,0,1,0,0,0,1,1,0
26,786,7,3,4,76,3,1,4,2570,11925,1,20,4,3,80,0,7,5,3,7,7,5,7,0,0,1,0,0,0,1,0,0,1,0,1,0,0,0,0,0,0,0,1,0,0
35,682,18,4,2,71,3,2,1,5561,15975,0,16,3,4,80,1,6,2,1,5,3,0,4,0,1,0,1,0,0,1,0,0,1,0,0,0,0,0,0,1,0,1,0,1,0
38,1261,2,4,4,88,3,2,3,6553,7259,9,14,3,2,80,0,14,3,3,1,0,0,0,0,1,1,0,1,0,0,0,0,1,0,0,0,1,0,0,0,0,1,0,0,0
40,1137,1,4,1,98,3,4,1,16823,18991,2,11,3,1,80,1,22,3,3,19,7,11,16,0,1,1,0,1,0,0,0,0,1,0,0,1,0,0,0,0,0,0,0,0,0
30,1012,5,4,2,75,2,1,4,3761,2373,9,12,3,2,80,1,10,3,2,5,4,0,3,1,0,1,0,1,0,0,0,0,1,0,0,0,0,0,1,0,0,0,0,0,0
24,1371,10,4,4,77,3,2,3,4260,5915,1,12,3,4,80,1,5,2,4,5,2,0,3,0,1,0,1,0,1,0,0,0,0,0,0,0,0,0,0,1,0,0,0,1,1
52,994,7,4,2,87,3,3,2,10445,15322,7,19,3,4,80,0,18,4,3,8,6,4,0,0,1,1,0,1,0,0,0,0,1,0,0,0,0,0,0,0,0,0,1,0,0
40,118,14,2,4,84,3,2,1,4639,11262,1,15,3,3,80,1,5,2,3,5,4,1,2,0,1,0,1,1,0,0,0,0,0,0,0,0,0,0,0,1,0,1,0,1,0
21,895,9,2,1,39,3,1,4,2610,2851,1,24,4,3,80,0,3,3,2,3,2,2,2,0,0,0,1,0,0,1,0,0,1,0,0,0,0,0,0,0,1,0,1,0,0
32,498,3,4,3,93,3,2,1,6725,13554,1,12,3,3,80,1,8,2,4,8,7,6,3,0,1,1,0,0,0,1,0,0,0,0,0,0,1,0,0,0,0,1,0,0,0
56,206,8,4,4,99,3,5,2,19717,4022,6,14,3,1,80,0,36,4,3,7,3,7,7,0,1,0,0,1,0,0,0,0,1,0,0,1,0,0,0,0,0,0,1,0,0
41,256,10,2,3,40,1,2,2,6151,22074,1,13,3,1,80,0,19,4,3,19,2,11,9,0,0,0,1,0,0,1,0,0,1,0,0,0,0,0,0,1,0,0,1,1,0
30,1275,28,2,4,64,3,2,4,5775,11934,1,13,3,4,80,2,11,2,3,10,8,1,9,0,1,1,0,0,0,1,0,0,0,0,0,0,0,0,1,0,0,1,0,1,0
42,557,18,4,4,35,3,2,1,5410,11189,6,17,3,3,80,1,9,3,2,4,3,1,2,0,1,1,0,1,0,0,0,0,1,0,0,0,0,0,1,0,0,0,0,0,1
31,793,20,3,3,67,4,1,4,2791,21981,0,12,3,1,80,1,3,4,3,2,2,2,2,1,0,0,1,1,0,0,0,0,1,0,0,0,0,0,0,0,1,1,0,1,0
26,1449,16,4,1,45,3,1,2,2373,14180,2,13,3,4,80,1,5,2,3,3,2,0,2,0,1,1,0,0,0,1,0,0,1,0,1,0,0,0,0,0,0,0,0,0,1
40,902,26,2,3,92,2,2,4,4422,21203,3,13,3,4,80,1,16,3,1,1,1,0,0,1,0,1,0,0,0,1,0,0,0,0,0,0,0,0,1,0,0,1,0,1,1
32,1316,2,2,4,38,3,2,3,4998,2338,4,14,3,4,80,0,10,2,3,8,7,0,7,1,0,1,0,1,0,0,0,0,0,0,0,0,0,0,1,0,0,0,1,0,1
59,715,2,3,3,69,2,4,4,13726,21829,3,13,3,1,80,0,30,4,3,5,3,4,3,0,1,1,0,1,0,0,0,0,0,0,0,0,1,0,0,0,0,0,1,1,1
59,818,6,2,2,52,3,1,3,2267,25657,8,17,3,4,80,0,7,2,2,2,2,2,2,0,1,0,0,0,0,1,0,0,1,1,0,0,0,0,0,0,0,1,0,1,0
30,1288,29,4,3,33,3,3,2,9250,17799,3,12,3,2,80,1,9,3,3,4,2,1,3,0,1,0,1,0,0,0,0,1,1,0,0,0,0,0,0,1,0,1,0,0,0
46,1009,2,3,1,51,3,4,3,17861,2288,6,13,3,3,80,0,26,2,1,3,2,0,1,0,1,1,0,1,0,0,0,0,1,0,0,0,0,1,0,0,0,1,0,1,0
37,446,1,4,2,65,3,2,2,6447,15701,6,12,3,2,80,1,8,2,2,6,5,4,3,0,1,1,0,1,0,0,0,0,0,0,0,0,1,0,0,0,0,1,0,0,0
39,439,9,3,3,70,3,2,2,6782,8770,9,15,3,3,80,0,9,2,2,5,4,0,3,0,0,1,0,1,0,0,0,0,1,0,1,0,0,0,0,0,0,0,1,0,0
42,570,8,3,2,66,3,5,4,18430,16225,1,13,3,2,80,1,24,4,2,24,7,14,9,1,0,1,0,1,0,0,0,0,1,0,0,1,0,0,0,0,0,0,0,1,0
50,809,12,3,3,77,3,3,4,9208,6645,4,11,3,4,80,0,16,3,3,2,2,2,1,1,0,0,1,0,1,0,0,0,0,0,0,0,0,0,0,1,0,0,1,1,0
57,593,1,4,4,88,3,2,3,6755,2967,2,11,3,3,80,0,15,2,3,3,2,1,2,0,1,1,0,0,0,1,0,0,1,0,0,0,0,0,0,0,0,1,0,1,0
38,362,1,1,3,43,3,1,1,2619,14561,3,17,3,4,80,0,8,3,2,0,0,0,0,0,1,1,0,1,0,0,0,0,0,0,0,0,0,0,1,0,0,0,1,1,0
39,1132,1,3,3,48,4,3,4,9613,10942,0,17,3,1,80,3,19,5,2,18,10,3,7,0,1,1,0,0,0,1,0,0,1,0,0,0,0,0,0,0,0,0,0,0,0
41,509,7,2,2,43,4,1,3,3376,18863,1,13,3,3,80,0,10,3,3,10,6,0,8,0,1,1,0,0,0,0,0,1,0,0,0,0,0,0,1,0,0,1,0,0,0
49,1098,4,2,1,85,2,5,3,18711,12124,2,13,3,3,80,1,23,2,4,1,0,0,0,0,1,1,0,0,0,1,0,0,1,0,0,1,0,0,0,0,0,1,0,1,0
45,1457,7,3,1,83,3,1,3,4477,20100,4,19,3,3,80,1,7,2,2,3,2,0,2,0,1,1,0,0,0,1,0,0,0,0,0,0,0,0,1,0,0,1,0,1,1
38,397,2,2,4,54,2,3,3,7756,14199,3,19,3,4,80,1,10,6,4,5,4,0,2,0,1,1,0,0,0,1,0,0,0,0,0,0,1,0,0,0,0,1,0,0,1
24,477,24,3,4,49,3,1,2,3597,6409,8,22,4,4,80,0,6,2,3,4,3,1,2,0,1,1,0,0,0,1,0,0,1,0,1,0,0,0,0,0,0,0,1,0,0
28,280,1,2,3,43,3,1,4,2706,10494,1,15,3,2,80,1,3,2,3,3,2,2,2,0,0,0,0,1,0,0,0,0,1,1,0,0,0,0,0,0,0,0,0,1,0
33,750,22,2,3,95,3,2,2,6146,15480,0,13,3,1,80,1,8,2,4,7,7,0,7,0,0,0,1,0,1,0,0,0,1,0,0,0,0,0,0,1,0,1,0,0,0
35,219,16,2,4,44,2,2,2,4788,25388,0,11,3,4,80,0,4,2,3,3,2,0,2,0,1,1,0,0,0,0,1,0,0,0,0,0,1,0,0,0,0,1,0,1,1
31,1188,20,2,4,45,3,2,3,6932,24406,1,13,3,4,80,1,9,2,2,9,8,0,0,0,0,0,1,0,1,0,0,0,0,0,0,0,0,0,0,1,0,1,0,1,0
42,932,1,2,4,43,2,2,4,6062,4051,9,13,3,4,80,1,8,4,3,4,3,0,2,0,1,1,0,1,0,0,0,0,0,0,0,0,1,0,0,0,0,1,0,0,1
42,544,2,1,3,52,3,1,3,2696,24017,0,11,3,3,80,1,4,5,3,3,2,1,0,0,1,0,0,0,0,0,0,1,1,1,0,0,0,0,0,0,0,0,0,1,1
39,766,20,3,3,83,3,2,4,4127,19188,2,18,3,4,80,1,7,6,3,2,1,2,2,1,0,0,1,1,0,0,0,0,1,0,0,0,0,0,0,1,0,0,0,1,0
55,836,8,3,4,33,3,4,3,14756,19730,2,14,3,3,80,3,21,2,3,5,0,0,2,0,1,1,0,0,0,1,0,0,0,0,0,1,0,0,0,0,0,0,0,1,1
37,1017,1,2,3,83,2,1,1,3920,18697,2,14,3,1,80,1,17,2,2,3,1,0,2,0,1,1,0,0,0,1,0,0,0,0,0,0,0,0,1,0,0,1,0,1,0
45,556,25,2,2,93,2,2,4,5906,23888,0,13,3,4,80,2,10,2,2,9,8,3,8,0,1,1,0,1,0,0,0,0,0,0,0,0,1,0,0,0,0,1,0,1,0
41,549,7,2,4,42,3,2,3,5003,23371,6,14,3,2,80,0,8,6,3,2,2,2,1,0,1,1,0,0,0,1,0,0,0,0,0,0,1,0,0,0,0,0,1,0,0
41,840,9,3,1,64,3,5,3,19419,3735,2,17,3,2,80,1,21,2,4,18,16,0,11,1,0,1,0,0,0,1,0,0,1,0,0,0,0,1,0,0,0,0,0,0,0
25,240,5,3,3,46,2,2,3,5744,26959,1,11,3,4,80,0,6,1,3,6,4,0,3,0,1,0,1,0,1,0,0,0,1,0,0,0,0,0,0,1,0,0,1,1,1
40,1395,26,3,2,54,3,2,2,5605,8504,1,11,3,1,80,1,20,2,3,20,7,2,13,1,0,1,0,0,0,1,0,0,0,0,0,0,0,0,1,0,0,0,0,1,0
30,1312,2,4,4,78,2,1,1,4968,26427,0,16,3,4,80,0,10,2,3,9,7,0,7,1,0,1,0,0,0,0,0,1,0,0,0,0,0,0,1,0,0,0,1,0,0
33,775,4,3,4,90,3,2,2,3055,6194,5,15,3,4,80,2,11,2,2,9,8,1,7,0,0,1,0,0,0,0,0,1,1,0,0,0,0,0,1,0,0,0,0,0,0
55,436,2,1,3,37,3,2,4,5160,21519,4,16,3,3,80,0,12,3,2,9,7,7,3,0,1,0,1,0,0,1,0,0,1,0,0,0,0,0,0,1,0,0,1,1,0
56,1369,23,3,4,68,3,4,2,13402,18235,4,12,3,1,80,1,33,0,3,19,16,15,9,0,1,1,0,1,0,0,0,0,1,0,0,0,1,0,0,0,0,1,0,1,1
29,1252,23,2,3,81,4,1,3,2700,23779,1,24,4,3,80,1,10,3,3,10,7,0,7,0,1,1,0,1,0,0,0,0,1,0,0,0,0,0,1,0,0,1,0,1,0
29,746,2,3,4,61,3,2,3,4649,16928,1,14,3,1,80,1,4,3,2,4,3,0,2,0,0,0,1,1,0,0,0,0,1,0,0,0,0,0,0,1,0,1,0,0,0
18,1431,14,3,2,33,3,1,3,1514,8018,1,16,3,3,80,0,0,4,1,0,0,0,0,0,0,1,0,0,0,1,0,0,0,0,0,0,0,0,1,0,0,0,1,0,0
38,723,2,4,2,77,1,2,4,5405,4244,2,20,4,1,80,2,20,4,2,4,2,0,3,0,1,0,1,0,1,0,0,0,0,0,0,0,0,0,0,0,1,1,0,0,1
33,508,10,3,2,46,2,2,4,4682,4317,3,14,3,3,80,0,9,6,2,7,7,0,1,1,0,0,1,0,1,0,0,0,1,0,0,0,0,0,0,1,0,0,1,0,0
26,192,1,2,1,59,2,1,1,3955,11141,1,16,3,1,80,2,6,2,3,5,3,1,3,0,1,1,0,0,0,1,0,0,1,0,1,0,0,0,0,0,0,1,0,0,0
36,635,10,4,2,32,3,3,4,9980,15318,1,14,3,4,80,0,10,3,2,10,3,9,7,0,0,0,1,0,0,1,0,0,1,0,0,0,0,0,0,1,0,0,1,1,0
26,1283,1,3,3,52,2,2,1,4294,11148,1,12,3,2,80,0,7,2,3,7,7,0,7,1,0,0,1,0,0,1,0,0,1,0,0,0,0,0,0,1,0,0,1,0,0
37,1305,10,4,3,49,3,2,2,4197,21123,2,12,3,4,80,0,18,2,2,1,0,0,1,0,1,1,0,1,0,0,0,0,1,0,0,0,1,0,0,0,0,0,1,1,1
46,168,4,2,4,33,2,5,2,18789,9946,2,14,3,3,80,1,26,2,3,11,4,0,8,0,1,0,1,0,1,0,0,0,0,0,0,1,0,0,0,0,0,1,0,1,0
26,703,28,2,1,66,3,2,2,6272,7428,1,20,4,4,80,2,6,5,4,5,3,1,4,0,1,0,1,0,1,0,0,0,1,0,0,0,0,0,0,1,0,1,0,0,0
45,1038,20,3,2,95,1,3,1,10851,19863,2,18,3,2,80,1,24,2,3,7,7,0,7,0,1,1,0,0,0,1,0,0,1,0,0,0,0,0,0,0,0,0,0,1,1
48,530,29,1,1,91,3,3,3,12504,23978,3,21,4,2,80,1,15,3,1,0,0,0,0,0,1,0,1,0,0,1,0,0,0,0,0,1,0,0,0,0,0,1,0,1,0
33,1392,3,4,4,56,3,1,3,2909,23159,1,11,3,3,80,0,8,3,3,8,7,3,0,1,0,1,0,1,0,0,0,0,0,0,0,0,0,0,1,0,0,1,0,1,1
40,1094,28,3,3,58,1,3,1,10932,11373,3,15,3,3,80,1,20,2,3,1,0,0,1,0,0,0,1,0,0,0,1,0,1,0,0,0,0,0,0,1,0,0,0,1,0
35,1204,4,3,4,86,3,3,1,9582,10333,0,22,4,1,80,0,9,2,3,8,7,4,7,0,1,0,1,0,0,0,0,1,1,0,0,0,0,0,0,1,0,0,1,0,1
38,1180,29,1,2,70,3,2,1,6673,11354,7,19,3,2,80,0,17,2,3,1,0,0,0,0,1,1,0,0,0,1,0,0,1,0,0,0,0,0,0,0,0,1,0,1,1
33,1111,5,1,2,61,3,2,4,9998,19293,6,13,3,1,80,0,8,2,4,5,4,1,2,1,0,0,1,1,0,0,0,0,1,0,0,0,0,0,0,1,0,1,0,0,0
21,984,1,1,4,70,2,1,2,2070,25326,1,11,3,3,80,0,2,6,4,2,2,2,2,0,1,1,0,0,0,0,0,1,0,0,0,0,0,0,1,0,0,0,1,0,1
34,970,8,2,2,96,3,2,3,6142,7360,3,11,3,4,80,0,10,2,3,5,1,4,3,0,1,1,0,0,0,1,0,0,0,0,0,0,0,0,0,0,0,0,1,1,0
37,1141,11,2,1,61,1,2,2,4777,14382,5,15,3,1,80,0,15,2,1,1,0,0,0,0,1,1,0,0,0,1,0,0,0,0,0,0,0,0,0,0,0,1,0,1,0
41,933,9,4,3,94,3,1,1,2238,6961,2,21,4,4,80,1,7,2,3,5,0,1,4,0,1,1,0,1,0,0,0,0,1,0,1,0,0,0,0,0,0,1,0,1,0
39,722,24,1,2,60,2,4,4,12031,8828,0,11,3,1,80,1,21,2,2,20,9,9,6,0,1,0,1,0,1,0,0,0,0,0,0,0,0,0,0,1,0,1,0,1,0
22,1256,19,1,3,80,3,1,4,2323,11992,1,24,4,1,80,2,2,6,3,2,2,2,2,0,1,1,0,0,0,1,0,0,1,0,0,0,0,0,1,0,0,1,0,0,0
29,694,1,3,4,87,2,4,4,16124,3423,3,14,3,2,80,2,9,2,2,7,7,1,7,0,1,1,0,1,0,0,0,0,0,0,0,0,0,1,0,0,0,0,0,0,0
45,1238,1,1,3,74,2,3,3,10748,3395,3,23,4,4,80,1,25,3,2,23,15,14,4,0,0,1,0,1,0,0,0,0,1,0,0,0,0,0,0,0,0,1,0,1,0
49,1023,2,3,4,63,2,2,2,5390,13243,2,14,3,4,80,0,17,3,2,9,6,0,8,1,0,0,1,0,0,1,0,0,1,0,0,0,0,0,0,1,0,1,0,1,0
23,977,10,3,4,45,4,1,3,2073,12826,2,16,3,4,80,1,4,2,3,2,2,2,2,0,1,1,0,0,0,0,0,1,1,0,0,0,0,0,1,0,0,1,0,1,0
60,696,7,4,2,52,4,2,4,5220,10893,0,18,3,2,80,1,12,3,3,11,7,1,9,0,1,0,1,0,1,0,0,0,1,0,0,0,0,0,0,1,0,0,0,1,1
54,142,26,3,4,30,4,4,4,17328,13871,2,12,3,3,80,0,23,3,3,5,3,4,4,0,0,0,0,0,0,0,0,0,0,0,0,1,0,0,0,0,0,0,1,1,1
27,975,7,3,4,55,2,2,1,6811,23398,8,19,3,1,80,0,9,2,1,7,6,0,7,0,1,1,0,0,0,1,0,0,0,0,0,0,0,0,0,0,0,0,1,0,0
35,1214,1,3,2,30,2,1,3,2859,26278,1,18,3,1,80,0,6,3,3,6,4,0,4,0,1,1,0,0,0,1,0,0,1,0,0,0,0,0,1,0,0,0,1,0,0
24,830,13,2,4,78,3,1,2,2033,7103,1,13,3,3,80,1,1,2,3,1,0,0,0,0,0,0,1,1,0,0,0,0,0,0,0,0,0,0,0,0,1,1,0,1,0
32,689,9,2,4,35,1,2,4,4668,22812,0,17,3,4,80,3,9,2,4,8,7,0,7,1,0,0,1,0,0,1,0,0,1,0,0,0,0,0,0,1,0,0,0,1,0
31,1125,7,4,1,68,3,3,1,9637,8277,2,14,3,4,80,2,9,3,3,3,2,2,2,1,0,0,1,0,1,0,0,0,0,0,0,0,0,0,0,1,0,1,0,0,0
46,150,2,4,4,60,3,2,4,7379,17433,2,11,3,3,80,1,12,3,2,6,3,1,4,0,1,1,0,0,0,0,0,1,1,0,0,0,1,0,0,0,0,0,0,1,0
38,693,7,3,4,57,4,1,3,2610,15748,1,11,3,4,80,3,4,2,3,4,2,0,3,1,0,1,0,1,0,0,0,0,1,0,0,0,0,0,1,0,0,0,0,1,0
29,144,10,1,4,39,2,2,2,8268,11866,1,14,3,1,80,2,7,2,3,7,7,1,7,0,1,0,1,0,1,0,0,0,0,0,0,0,0,0,0,1,0,0,0,0,1
39,1089,6,3,2,32,3,3,2,8376,9150,4,18,3,4,80,0,9,3,3,2,0,2,2,0,1,1,0,1,0,0,0,0,0,0,0,0,1,0,0,0,0,0,1,0,0
38,148,2,3,4,42,2,1,2,2440,23826,1,22,4,2,80,0,4,3,3,4,3,3,3,1,0,1,0,0,0,1,0,0,0,0,1,0,0,0,0,0,0,0,1,1,0
36,329,2,3,4,96,3,1,3,2543,11868,4,13,3,2,80,1,6,3,3,2,2,2,2,0,1,1,0,1,0,0,0,0,0,0,0,0,0,0,1,0,0,1,0,1,0
39,1329,4,4,4,47,2,2,3,5902,14590,4,14,3,3,80,1,17,1,4,15,11,5,9,0,1,0,1,1,0,0,0,0,0,0,0,0,0,0,0,1,0,1,0,0,0
31,1079,16,4,1,70,3,3,3,8161,19002,2,13,3,1,80,3,10,2,3,1,0,0,0,0,1,0,1,0,1,0,0,0,1,0,0,0,0,0,0,1,0,1,0,1,0
54,928,20,4,4,31,3,2,3,4869,16885,3,12,3,4,80,0,20,4,2,4,3,0,3,1,0,1,0,1,0,0,0,0,0,0,0,0,0,0,1,0,0,0,1,1,0
29,468,28,4,4,73,2,1,1,3785,8489,1,14,3,2,80,0,5,3,1,5,4,0,4,0,1,1,0,0,0,1,0,0,0,0,0,0,0,0,1,0,0,0,1,1,0
49,722,25,4,3,84,3,1,1,3211,22102,1,14,3,4,80,1,10,3,2,9,6,1,4,0,1,1,0,1,0,0,0,0,0,0,1,0,0,0,0,0,0,1,0,1,0
40,1479,24,3,2,100,4,4,2,13194,17071,4,16,3,4,80,0,22,2,2,1,0,0,0,0,0,0,1,1,0,0,0,0,0,0,0,0,0,0,0,1,0,0,1,1,1
32,515,1,3,4,62,2,1,3,3730,9571,0,14,3,4,80,0,4,2,1,3,2,1,2,0,1,1,0,1,0,0,0,0,1,0,1,0,0,0,0,0,0,0,1,1,1
49,279,8,1,3,61,2,2,2,5130,24907,1,23,4,4,80,1,10,3,3,10,7,1,7,1,0,1,0,1,0,0,0,0,1,0,0,0,0,0,1,0,0,1,0,1,0
38,130,2,2,4,32,3,3,2,7351,20619,7,16,3,3,80,0,10,2,3,1,0,0,0,0,1,0,1,0,1,0,0,0,1,0,0,0,0,0,0,1,0,0,1,1,0
33,654,5,3,4,34,2,3,4,7119,21214,4,15,3,3,80,1,9,2,3,3,2,1,2,0,1,1,0,1,0,0,0,0,1,0,0,0,0,0,0,0,0,0,0,1,0
60,422,7,3,1,41,3,5,1,19566,3854,5,11,3,4,80,0,33,5,1,29,8,11,10,0,1,1,0,1,0,0,0,0,0,0,0,1,0,0,0,0,0,1,0,0,0
29,1370,3,1,2,87,3,1,1,4723,16213,1,18,3,4,80,0,10,3,3,10,9,1,5,0,1,1,0,0,0,1,0,0,1,0,1,0,0,0,0,0,0,0,1,0,1
32,859,4,3,3,98,2,2,3,6162,19124,1,12,3,3,80,1,14,3,3,14,13,6,8,0,1,1,0,1,0,0,0,0,0,0,0,0,1,0,0,0,0,1,0,0,0
47,207,9,4,2,64,3,1,3,2105,5411,4,12,3,3,80,0,7,2,3,2,2,2,0,0,1,1,0,1,0,0,0,0,0,0,1,0,0,0,0,0,0,0,1,1,0
36,1302,6,4,1,80,4,2,1,5562,19711,3,13,3,4,80,1,9,3,3,3,2,0,2,1,0,1,0,1,0,0,0,0,1,0,1,0,0,0,0,0,0,1,0,0,1
34,1351,1,4,2,45,3,2,4,5484,13008,9,17,3,2,80,1,9,3,2,2,2,2,1,0,1,1,0,1,0,0,0,0,1,0,0,0,0,0,1,0,0,1,0,0,0
39,203,2,3,1,84,3,4,4,12169,13547,7,11,3,4,80,3,21,4,3,18,7,11,5,1,0,1,0,1,0,0,0,0,1,0,0,0,0,0,0,0,0,0,0,0,0
34,470,2,4,4,84,2,2,1,5957,23687,6,13,3,2,80,1,13,3,3,11,9,5,9,0,1,1,0,1,0,0,0,0,1,0,0,0,1,0,0,0,0,1,0,0,0
55,692,14,4,3,61,4,5,2,18722,13339,8,11,3,4,80,0,36,3,3,24,15,2,15,0,1,1,0,0,0,1,0,0,1,0,0,0,0,1,0,0,0,0,1,0,0
51,432,9,4,4,96,3,1,4,2075,18725,3,23,4,2,80,2,10,4,3,4,2,0,3,0,1,1,0,1,0,0,0,0,1,0,1,0,0,0,0,0,0,1,0,1,0
33,1296,6,3,3,30,3,2,4,7725,5335,3,23,4,3,80,1,15,2,1,13,11,4,7,1,0,1,0,1,0,0,0,0,1,0,0,0,0,0,0,0,0,0,0,0,0
59,326,3,3,3,48,2,2,4,5171,16490,5,17,3,4,80,0,13,2,3,6,1,0,5,0,1,0,1,1,0,0,0,0,0,0,0,0,0,0,0,1,0,0,1,1,0
51,968,6,2,2,40,2,1,3,2838,4257,0,14,3,2,80,0,8,6,2,7,0,7,7,1,0,1,0,0,0,1,0,0,0,0,1,0,0,0,0,0,0,0,1,1,0
46,1003,8,4,4,74,2,2,1,4615,21029,8,23,4,1,80,3,19,2,3,16,13,1,7,0,1,1,0,1,0,0,0,0,0,0,0,0,0,0,1,0,0,0,0,0,1
59,1324,3,3,3,81,4,1,1,2670,9964,4,20,4,1,80,3,12,3,2,1,0,0,0,0,1,1,0,0,0,1,0,0,0,0,1,0,0,0,0,0,0,1,0,1,1
49,1490,7,4,3,35,3,3,2,10466,20948,3,14,3,2,80,2,29,3,3,8,7,0,7,0,1,1,0,1,0,0,0,0,1,0,0,0,0,0,0,0,0,0,0,0,0
44,1459,10,4,4,41,3,2,4,6465,19121,2,13,3,4,80,0,9,5,4,4,2,1,3,0,1,1,0,0,0,0,1,0,1,0,0,0,0,0,0,0,0,1,0,1,1
31,218,7,3,2,100,4,2,4,6929,12241,4,11,3,2,80,1,10,3,2,8,7,7,7,0,1,0,1,0,0,0,0,1,1,0,0,0,0,0,0,1,0,1,0,0,0
33,867,8,4,4,90,4,1,1,3143,6076,6,19,3,2,80,1,14,1,3,10,8,7,6,0,1,1,0,1,0,0,0,0,1,0,0,0,0,0,1,0,0,1,0,0,0
31,140,12,1,3,95,3,1,4,3929,6984,8,23,4,3,80,1,7,0,3,4,2,0,2,0,1,1,0,0,0,1,0,0,0,0,0,0,0,0,1,0,0,1,0,1,1
54,685,3,3,4,85,3,4,4,17779,23474,3,14,3,1,80,0,36,2,3,10,9,0,9,0,1,1,0,1,0,0,0,0,1,0,0,0,0,1,0,0,0,1,0,1,0
28,1451,2,1,1,67,2,1,2,3201,19911,0,17,3,1,80,0,6,2,1,5,3,0,4,0,1,1,0,1,0,0,0,0,1,0,0,0,0,0,1,0,0,1,0,0,0
36,1278,8,3,1,77,2,1,1,2342,8635,0,21,4,3,80,0,6,3,3,5,4,0,3,0,1,0,0,1,0,0,0,0,1,1,0,0,0,0,0,0,0,1,0,0,0
53,124,2,3,3,38,2,3,2,7525,23537,2,12,3,1,80,1,30,2,3,15,7,6,12,1,0,0,1,0,1,0,0,0,0,0,0,0,0,0,0,1,0,1,0,1,0
53,868,8,3,1,73,3,4,4,11836,22789,5,14,3,3,80,1,28,3,3,2,0,2,2,0,1,0,1,0,1,0,0,0,1,0,0,0,0,0,0,1,0,1,0,1,0
38,152,10,3,3,85,3,2,4,5666,19899,1,13,3,2,80,0,6,1,3,5,3,1,3,0,0,0,1,0,0,0,0,1,0,0,0,0,0,0,0,1,0,0,1,1,1
30,1176,20,3,3,85,3,2,1,9957,9096,0,15,3,3,80,1,7,1,2,6,2,0,2,0,1,1,0,0,0,0,1,0,1,0,0,0,1,0,0,0,0,1,0,1,0
49,636,10,4,3,35,3,5,1,18665,25594,9,11,3,4,80,0,22,4,3,3,2,1,2,1,0,1,0,1,0,0,0,0,0,0,0,0,0,1,0,0,0,0,1,0,1
34,999,26,1,1,92,2,1,3,2029,15891,1,20,4,3,80,3,5,2,3,5,4,0,0,0,0,1,0,0,0,0,0,1,0,0,0,0,0,0,1,0,0,0,0,1,0
40,989,4,1,4,46,3,5,3,19033,6499,1,14,3,2,80,1,21,2,3,20,8,9,9,0,1,1,0,0,0,1,0,0,0,0,0,1,0,0,0,0,0,1,0,1,0
30,334,26,4,3,52,2,2,1,6696,22967,5,15,3,3,80,0,9,5,2,6,3,0,1,1,0,0,1,0,1,0,0,0,0,0,0,0,0,0,0,1,0,0,1,0,0
39,412,13,4,3,94,2,4,2,17123,17334,6,13,3,4,80,2,21,4,3,19,9,15,2,0,1,1,0,0,0,1,0,0,0,0,0,1,0,0,0,0,0,0,0,0,1
35,950,7,3,3,59,3,3,3,10221,18869,3,21,4,2,80,0,17,3,4,8,5,1,6,0,1,1,0,0,0,0,1,0,1,0,0,0,1,0,0,0,0,0,1,0,0
34,1003,2,2,4,95,3,2,3,4033,15834,2,11,3,4,80,0,5,3,2,3,2,0,2,1,0,1,0,1,0,0,0,0,1,0,0,0,1,0,0,0,0,0,1,1,0
33,1216,8,4,3,39,3,2,3,7104,20431,0,12,3,4,80,0,6,3,3,5,0,1,2,0,1,0,1,0,1,0,0,0,1,0,0,0,0,0,0,1,0,0,0,1,0
54,966,1,4,4,53,3,3,3,10502,9659,7,17,3,1,80,1,33,2,1,5,4,1,4,1,0,1,0,1,0,0,0,0,0,0,0,0,1,0,0,0,0,0,0,1,0
46,488,2,3,3,75,1,4,2,16872,14977,3,12,3,2,80,1,28,2,2,7,7,7,7,0,1,0,1,0,0,0,0,1,0,0,0,1,0,0,0,0,0,1,0,1,1
38,1035,3,4,2,42,3,2,4,6861,4981,8,12,3,3,80,0,19,1,3,1,0,0,0,0,1,0,1,1,0,0,0,0,1,0,0,0,0,0,0,1,0,0,1,1,1
23,160,4,1,3,51,3,1,2,3295,12862,1,13,3,3,80,0,3,3,1,3,2,1,2,0,1,1,0,0,0,1,0,0,0,0,1,0,0,0,0,0,0,0,1,0,0
42,481,12,3,3,44,3,4,1,13758,2447,0,12,3,2,80,0,22,2,2,21,9,13,14,1,0,0,1,1,0,0,0,0,1,0,0,0,0,0,0,1,0,0,1,1,1
27,1277,8,5,1,87,1,1,3,4621,5869,1,19,3,4,80,3,3,4,3,3,2,1,2,0,0,1,0,1,0,0,0,0,1,0,1,0,0,0,0,0,0,1,0,0,0
27,155,4,3,2,87,4,2,2,6142,5174,1,20,4,2,80,1,6,0,3,6,2,0,3,0,1,1,0,1,0,0,0,0,1,0,0,0,1,0,0,0,0,1,0,0,1
60,1499,28,3,3,80,2,3,1,10266,2845,4,19,3,4,80,0,22,5,4,18,13,13,11,1,0,0,1,0,1,0,0,0,0,0,0,0,0,0,0,1,0,1,0,0,0
41,465,14,3,1,56,3,1,3,2451,4609,4,12,3,1,80,1,13,2,3,9,8,1,8,0,1,1,0,1,0,0,0,0,1,0,0,0,0,0,1,0,0,0,0,0,0
50,145,1,3,4,95,3,2,3,6347,24920,0,12,3,1,80,1,19,3,3,18,7,0,13,0,0,0,1,1,0,0,0,0,0,0,0,0,0,0,0,1,0,1,0,1,0
23,541,2,1,3,62,3,1,1,2322,9518,3,13,3,3,80,1,3,3,3,0,0,0,0,0,1,0,1,0,0,0,0,1,1,0,0,0,0,0,0,0,1,0,0,0,0
49,1091,1,2,3,90,2,4,3,13964,17810,7,12,3,4,80,0,25,2,3,7,1,0,7,0,1,1,0,0,0,0,0,1,0,0,0,0,0,0,0,0,0,0,1,1,1
28,529,2,4,1,79,3,1,3,3485,14935,2,11,3,3,80,0,5,5,1,0,0,0,0,0,1,1,0,1,0,0,0,0,1,0,1,0,0,0,0,0,0,0,1,0,0
31,667,1,4,2,50,1,1,3,1359,16154,1,12,3,2,80,0,1,3,3,1,0,0,0,1,0,0,1,1,0,0,0,0,0,0,0,0,0,0,0,0,1,0,1,0,0
33,117,9,3,1,60,3,1,4,2781,6311,0,13,3,2,80,1,15,5,3,14,10,4,10,0,1,1,0,0,0,1,0,0,1,0,0,0,0,0,1,0,0,1,0,0,0
34,628,8,3,2,82,4,2,3,4404,10228,2,12,3,1,80,0,6,3,4,4,3,1,2,0,1,1,0,0,0,1,0,0,1,0,1,0,0,0,0,0,0,1,0,0,0
51,684,6,3,1,51,3,5,3,19537,6462,7,13,3,3,80,0,23,5,3,20,18,15,15,0,1,1,0,1,0,0,0,0,1,0,0,0,0,1,0,0,0,0,1,0,0
58,286,2,4,4,31,3,5,2,19246,25761,7,12,3,4,80,0,40,2,3,31,15,13,8,0,1,1,0,1,0,0,0,0,1,0,0,0,0,1,0,0,0,0,1,1,1
40,1300,24,2,1,62,3,2,4,3319,24447,1,17,3,1,80,2,9,3,3,9,8,4,7,0,1,1,0,0,0,0,0,1,1,0,0,0,0,0,1,0,0,0,0,0,0
26,1384,3,4,1,82,4,1,4,4420,13421,1,22,4,2,80,1,8,2,3,8,7,0,7,0,1,1,0,0,0,1,0,0,1,0,1,0,0,0,0,0,0,1,0,0,0
33,1076,3,3,1,70,3,1,1,3348,3164,1,11,3,1,80,0,10,3,3,10,8,9,7,1,0,1,0,1,0,0,0,0,1,0,0,0,0,0,1,0,0,0,1,0,1
40,302,6,3,2,75,3,4,3,13237,20364,7,15,3,3,80,0,22,3,3,20,6,5,13,0,1,1,0,1,0,0,0,0,0,0,0,0,1,0,0,0,0,0,1,0,0
42,495,2,1,3,37,3,4,3,17861,26582,0,13,3,4,80,0,21,3,2,20,8,2,10,0,0,1,0,1,0,0,0,0,1,0,0,1,0,0,0,0,0,1,0,1,1
35,750,28,3,2,46,4,2,3,3407,25348,1,17,3,4,80,2,10,3,2,10,9,6,8,0,1,1,0,1,0,0,0,0,1,0,1,0,0,0,0,0,0,1,0,0,0
38,1490,2,2,4,42,3,1,4,1702,12106,1,23,4,3,80,1,1,3,3,1,0,0,0,1,0,1,0,1,0,0,0,0,1,0,1,0,0,0,0,0,0,1,0,1,1
28,1009,1,3,1,45,2,1,2,2596,7160,1,15,3,1,80,2,1,2,3,1,0,0,0,1,0,1,0,0,0,1,0,0,1,0,1,0,0,0,0,0,0,0,0,0,0
43,244,2,3,2,97,3,1,4,3539,5033,0,13,3,2,80,0,10,5,3,9,7,1,8,0,1,0,0,1,0,0,0,0,1,1,0,0,0,0,0,0,0,0,1,0,0
32,128,2,1,4,84,2,2,1,2176,19737,4,13,3,4,80,0,9,5,3,6,2,0,4,0,1,1,0,0,0,0,0,1,1,0,1,0,0,0,0,0,0,0,1,0,0
35,1142,23,4,3,30,3,1,1,4014,16002,3,15,3,3,80,1,4,3,3,2,2,2,2,0,1,1,0,0,0,1,0,0,0,0,1,0,0,0,0,0,0,1,0,0,1
45,1199,7,4,1,77,4,2,3,6434,5118,4,17,3,4,80,1,9,1,3,3,2,0,2,1,0,1,0,1,0,0,0,0,1,0,0,0,1,0,0,0,0,1,0,1,0
44,477,7,4,1,42,2,3,4,10248,2094,3,14,3,4,80,1,24,4,3,22,6,5,17,0,1,1,0,0,0,1,0,0,0,0,0,0,0,0,0,0,0,1,0,0,0
47,1001,4,3,3,92,2,3,2,10333,19271,8,12,3,3,80,1,28,4,3,22,11,14,10,0,1,1,0,1,0,0,0,0,0,0,0,0,1,0,0,0,0,0,0,0,1
38,371,2,3,4,45,3,1,4,3944,4306,5,11,3,3,80,0,6,3,3,3,2,1,2,0,1,1,0,1,0,0,0,0,1,0,0,0,0,0,1,0,0,0,1,1,1
41,642,1,3,4,76,3,1,4,2782,21412,3,22,4,1,80,1,12,3,3,5,3,1,0,0,1,1,0,1,0,0,0,0,1,0,0,0,0,0,1,0,0,1,0,1,0
26,950,4,4,4,48,2,2,4,5828,8450,1,12,3,2,80,0,8,0,3,8,7,7,4,0,1,0,1,0,1,0,0,0,1,0,0,0,0,0,0,1,0,0,1,1,1
44,1112,1,4,1,50,2,2,3,5985,26894,4,11,3,2,80,0,10,1,4,2,2,0,2,0,1,0,0,1,0,0,0,0,0,1,0,0,0,0,0,0,0,0,1,0,0
31,741,2,4,2,69,3,1,3,3477,18103,1,14,3,4,80,1,6,2,4,5,2,0,3,0,1,1,0,1,0,0,0,0,1,0,1,0,0,0,0,0,0,1,0,0,0
47,1379,16,4,3,64,4,2,3,5067,6759,1,19,3,3,80,0,20,3,4,19,10,2,7,1,0,1,0,0,0,1,0,0,1,0,0,0,1,0,0,0,0,0,0,0,1
30,829,1,1,3,88,2,3,3,8474,20925,1,22,4,3,80,0,12,2,3,11,8,5,8,0,0,1,0,1,0,0,0,0,1,0,0,0,1,0,0,0,0,0,1,0,0
38,827,1,4,2,33,4,2,4,7625,19383,0,13,3,3,80,0,10,4,2,9,7,1,8,0,1,1,0,1,0,0,0,0,0,0,0,0,0,0,0,0,0,0,1,0,0
36,430,2,4,4,73,3,2,2,6962,19573,4,22,4,4,80,1,15,2,3,1,0,0,0,0,1,1,0,0,0,0,1,0,0,0,0,0,0,0,1,0,0,1,0,1,1
26,933,1,3,3,57,3,2,3,5296,20156,1,17,3,2,80,1,8,3,3,8,7,7,7,0,1,0,1,1,0,0,0,0,1,0,0,0,0,0,0,1,0,1,0,0,0
34,1375,10,3,4,87,3,2,3,4001,12313,1,14,3,3,80,1,15,3,3,15,14,0,7,0,0,0,1,1,0,0,0,0,1,0,0,0,0,0,0,1,0,0,0,0,1
28,1434,5,4,3,50,3,1,3,3441,11179,1,13,3,3,80,0,2,3,2,2,2,2,2,0,1,1,0,0,0,0,0,1,1,0,1,0,0,0,0,0,0,0,1,0,1
33,461,13,1,2,53,3,1,4,3452,17241,3,18,3,1,80,0,5,4,3,3,2,0,2,0,1,1,0,1,0,0,0,0,0,0,0,0,0,0,1,0,0,0,1,0,0
38,240,2,4,1,75,4,2,1,5980,26085,6,12,3,4,80,0,17,2,3,15,7,4,12,1,0,1,0,1,0,0,0,0,0,0,0,0,1,0,0,0,0,0,1,0,1
